item_id,overall_assessment,missing_mapping,applicability_note,challenge_comment
TC05,,,,
TC06,,,,
TC07,,,,
TC08,,,,
TC09,,,,
TC10,,,,
TC11,,,,
TC12,,,,
TC13,,,,
TC14,,,,
TC15,,,,
TC16,,,,
TC17,,,,
TC19,,,,
TC20,,,,
TC21,,,,
TC22,,,,
TC23,,,,
TC24,,,,
TC25,,,,
DORA-01,,,,
DORA-02,,,,
DORA-03,,,,
DORA-04,,,,
DORA-05,,,,
DORA-06,,,,
DORA-07,,,,
DORA-08,,,,
DORA-10,,,,
DORA-12,,,,
DORA-13,,,,
DORA-14,,,,
DORA-15,,,,
DORA-16,,,,
DORA-17,,,,
DORA-18,,,,
DORA-19,,,,
DORA-20,,,,
DORA-21,,,,
DORA-22,,,,
